rank,name,team,position
1,Jahmyr Gibbs,Det,RB
2,Bijan Robinson,Atl,RB
3,Christian McCaffrey,Sf,RB
4,Jonathan Taylor,Ind,RB
5,Puka Nacua,Lar,WR
6,De'Von Achane,Mia,RB
7,Ja'Marr Chase,Cin,WR
8,James Cook III,Buf,RB
9,Jaxon Smith-Njigba,Sea,WR
10,Chase Brown,Cin,RB
11,Amon-Ra St. Brown,Det,WR
12,Derrick Henry,Bal,RB
13,CeeDee Lamb,Dal,WR
14,Justin Jefferson,Min,WR
15,Saquon Barkley,Phi,RB
16,Drake London,Atl,WR
17,Kenneth Walker III,Kc,RB
18,Rashee Rice,Kc,WR
19,Ashton Jeanty,Lv,RB
20,A.J. Brown,Ne,WR
21,Omarion Hampton,Lac,RB
22,Chris Olave,No,WR
23,George Pickens,Dal,WR
24,Nico Collins,Hou,WR
25,Jeremiyah Love,Ari,RB
26,Josh Allen,Buf,QB
27,Zay Flowers,Bal,WR
28,Malik Nabers,Nyg,WR
29,Garrett Wilson,Nyj,WR
30,Kyren Williams,Lar,RB
31,Breece Hall,Nyj,RB
32,Trey McBride,Ari,TE
33,DeVonta Smith,Phi,WR
34,Tetairoa McMillan,Car,WR
35,Javonte Williams,Dal,RB
36,Travis Etienne Jr.,No,RB
37,Brock Bowers,Lv,TE
38,Emeka Egbuka,Tb,WR
39,Tee Higgins,Cin,WR
40,Cam Skattebo,Nyg,RB
41,Ladd McConkey,Lac,WR
42,D'Andre Swift,Chi,RB
43,Drake Maye,Ne,QB
44,Davante Adams,Lar,WR
45,Bucky Irving,Tb,RB
46,MarShawn Lloyd,Gb,RB
47,Jaylen Waddle,Den,WR
48,Jameson Williams,Det,WR
49,Joe Burrow,Cin,QB
50,Quinshon Judkins,Cle,RB
51,Lamar Jackson,Bal,QB
52,DJ Moore,Buf,WR
53,Terry McLaurin,Was,WR
54,Bhayshul Tuten,Jax,RB
55,Dak Prescott,Dal,QB
56,Rome Odunze,Chi,WR
57,David Montgomery,Hou,RB
58,Mike Evans,Sf,WR
59,Luther Burden III,Chi,WR
60,Colston Loveland,Chi,TE
61,Christian Watson,Gb,WR
62,Rhamondre Stevenson,Ne,RB
63,Courtland Sutton,Den,WR
64,TreVeyon Henderson,Ne,RB
65,Jaylen Warren,Pit,RB
66,Jayden Daniels,Was,QB
67,Parker Washington,Jax,WR
68,Marvin Harrison Jr.,Ari,WR
69,Matthew Stafford,Lar,QB
70,Tyler Warren,Ind,TE
71,DK Metcalf,Pit,WR
72,Jalen Hurts,Phi,QB
73,Tony Pollard,Ten,RB
74,Alec Pierce,Ind,WR
75,Jadarian Price,Sea,RB
76,Brian Thomas Jr.,Jax,WR
77,Rico Dowdle,Pit,RB
78,Michael Wilson,Ari,WR
79,Harold Fannin Jr.,Cle,TE
80,Brock Purdy,Sf,QB
81,Michael Pittman Jr.,Pit,WR
82,Caleb Williams,Chi,QB
83,Kyle Pitts Sr.,Atl,TE
84,Chris Godwin Jr.,Tb,WR
85,Carnell Tate,Ten,WR
86,Trevor Lawrence,Jax,QB
87,Chuba Hubbard,Car,RB
88,Seattle Seahawks,Sea,DST
89,Wan'Dale Robinson,Ten,WR
90,J.K. Dobbins,Den,RB
91,Jakobi Meyers,Jax,WR
92,Denver Broncos,Den,DST
93,Josh Downs,Ind,WR
94,Kenny Gainwell,Tb,RB
95,Jared Goff,Det,QB
96,Patrick Mahomes II,Kc,QB
97,Stefon Diggs,Was,WR
98,Jonathon Brooks,Car,RB
99,Justin Herbert,Lac,QB
100,Jayden Reed,Gb,WR
101,George Kittle,Sf,TE
102,Kaleb Johnson,Gb,RB
103,Houston Texans,Hou,DST
104,Bo Nix,Den,QB
105,Tucker Kraft,Gb,TE
106,Khalil Shakir,Buf,WR
107,Xavier Worthy,Kc,WR
108,Aaron Jones Sr.,Min,RB
109,Travis Kelce,Kc,TE
110,Jaxson Dart,Nyg,QB
111,Matthew Golden,Gb,WR
112,Los Angeles Rams,Lar,DST
113,Dallas Goedert,Phi,TE
114,Deebo Samuel Sr.,Sf,WR
115,Romeo Doubs,Ne,WR
116,Kyle Monangai,Chi,RB
117,Minnesota Vikings,Min,DST
118,Jacory Croskey-Merritt,Was,RB
119,Jordan Mason,Min,RB
120,Sam LaPorta,Det,TE
121,Rachaad White,Was,RB
122,KC Concepcion,Cle,WR
123,Baker Mayfield,Tb,QB
124,Jalen Coker,Car,WR
125,Blake Corum,Lar,RB
126,Kyler Murray,Min,QB
127,Makai Lemon,Phi,WR
128,Tyler Shough,No,QB
129,De'Zhaun Stribling,Sf,WR
130,Rashid Shaheed,Sea,WR
131,Jerry Jeudy,Cle,WR
132,Brandon Aubrey,Dal,K
133,Detroit Lions,Det,DST
134,Mark Andrews,Bal,TE
135,Tyjae Spears,Ten,RB
136,Tre Tucker,Lv,WR
137,New England Patriots,Ne,DST
138,Jake Ferguson,Dal,TE
139,Jordan Love,Gb,QB
140,Keenan Allen,Ind,WR
141,Zach Charbonnet,Sea,RB
142,Jalen McMillan,Tb,WR
143,Sam Darnold,Sea,QB
144,Isaiah Likely,Nyg,TE
145,Philadelphia Eagles,Phi,DST
146,Pittsburgh Steelers,Pit,DST
147,Woody Marks,Hou,RB
148,Cameron Dicker,Lac,K
149,Jauan Jennings,Min,WR
150,Jake Bates,Det,K
151,San Francisco 49ers,Sf,DST
152,Dalton Kincaid,Buf,TE
153,Harrison Mevis,Lar,K
154,Malik Washington,Mia,WR
155,Calvin Ridley,Ten,WR
156,Malik Willis,Mia,QB
157,Daniel Jones,Ind,QB
158,C.J. Stroud,Hou,QB
159,Juwan Johnson,No,TE
160,Cam Little,Jax,K
161,Alvin Kamara,No,RB
162,Tua Tagovailoa,Atl,QB
163,Rashod Bateman,Bal,WR
164,Jacksonville Jaguars,Jax,DST
165,Cooper Kupp,Sea,WR
166,Tyrone Tracy Jr.,Nyg,RB
167,Jordyn Tyson,No,WR
168,Hunter Henry,Ne,TE
169,Bryce Young,Car,QB
170,Green Bay Packers,Gb,DST
171,Atlanta Falcons,Atl,DST
172,Cleveland Browns,Cle,DST
173,Cam Ward,Ten,QB
174,Geno Smith,Nyj,QB
175,Jacoby Brissett,Ari,QB
176,Chig Okonkwo,Was,TE
177,Aaron Rodgers,Pit,QB
178,Deshaun Watson,Cle,QB
179,Kirk Cousins,Lv,QB
180,Michael Penix Jr.,Atl,QB
181,Fernando Mendoza,Lv,QB
182,Quentin Johnston,Lac,WR
183,Jordan Addison,Min,WR
184,RJ Harvey,Den,RB
185,Ka'imi Fairbairn,Hou,K
186,Evan McPherson,Cin,K
187,Jason Myers,Sea,K
188,Chris Rodriguez Jr.,Jax,RB
189,Andy Borregales,Ne,K
190,Chase McLaughlin,Tb,K
191,Harrison Butker,Kc,K
192,Will Reichard,Min,K
193,Tyler Loop,Bal,K
194,Eddy Pineiro,Sf,K
195,Travis Hunter,Jax,WR
196,Brenton Strange,Jax,TE
197,Dalton Schultz,Hou,TE
198,Greg Dulcich,Mia,TE
199,Kenyon Sadiq,Nyj,TE
200,AJ Barner,Sea,TE
201,Terrance Ferguson,Lar,TE
202,Ryan Flournoy,Dal,WR
203,Jalen Nailor,Lv,WR
204,Tre' Harris,Lac,WR
205,Denzel Boston,Cle,WR
206,Adonai Mitchell,Nyj,WR
207,Tank Dell,Hou,WR
208,Omar Cooper Jr.,Nyj,WR
209,Tyler Allgeier,Ari,RB
210,Oronde Gadsden II,Lac,TE
211,T.J. Hockenson,Min,TE
212,Pat Freiermuth,Pit,TE
213,Tyler Bass,Buf,K
214,Wil Lutz,Den,K
215,Spencer Shrader,Ind,K
216,Chris Boswell,Pit,K
217,Cairo Santos,Chi,K
218,Jaylin Noel,Hou,WR
219,Pat Bryant,Den,WR
220,Dontayvion Wicks,Phi,WR
221,Kayshon Boutte,Hou,WR
222,Troy Franklin,Den,WR
223,Evan Engram,Den,TE
224,Gunnar Helm,Ten,TE
225,Cade Otton,Tb,TE
226,Christian Kirk,Sf,WR
227,Malachi Fields,Nyg,WR
228,Isaac TeSlaa,Det,WR
229,Chimere Dike,Ten,WR
230,Jake Tonges,Sf,TE
231,Colby Parkinson,Lar,TE
232,Theo Johnson,Nyg,TE
233,Mason Taylor,Nyj,TE
234,Baltimore Ravens,Bal,DST
235,Mike Washington Jr.,Lv,RB
236,Tank Bigsby,Phi,RB
237,Keaton Mitchell,Lac,RB
238,Brian Robinson Jr.,Atl,RB
239,Darnell Mooney,Nyg,WR
240,Elic Ayomanor,Ten,WR
241,Zachariah Branch,Atl,WR
242,Los Angeles Chargers,Lac,DST
243,Dylan Sampson,Cle,RB
244,Jonah Coleman,Den,RB
245,Trey Smack,Gb,K
246,Daniel Carlson,No,K
247,Jake Elliott,Phi,K
248,Nick Folk,Atl,K
249,Matt Gay,Lv,K
250,Kansas City Chiefs,Kc,DST
